player_id,country,gender
0,IE,male
1,ES,female
2,GB,male
3,CH,male
4,TR,male
5,TR,female
6,NZ,male
7,AU,female
8,CA,male
9,FR,male
10,NL,female
11,ES,female
12,ES,female
13,IR,female
14,AU,female
15,ES,female
16,ES,male
17,FR,male
18,ES,female
19,FR,female
20,TR,female
21,CH,male
22,GB,female
23,FI,male
24,TR,female
25,US,female
26,ES,male
27,IR,male
28,FR,male
29,CH,female
30,NL,female
31,IE,male
32,NZ,male
33,IE,male
34,FI,male
35,FR,male
36,FR,female
37,IE,female
38,FI,male
39,ES,female
40,DE,male
41,TR,male
42,AU,female
43,FI,male
44,DK,male
45,ES,male
46,TR,female
47,IR,male
48,CA,female
49,NL,female
50,FI,female
51,IR,female
52,ES,female
53,ES,male
54,TR,male
55,GB,male
56,AU,female
57,NL,male
58,FI,female
59,NZ,male
60,CH,female
61,IE,male
62,TR,female
63,US,female
64,TR,female
65,US,female
66,FI,female
67,IE,male
68,AU,female
69,GB,female
70,DE,female
71,DE,male
72,FI,female
73,FI,female
74,ES,male
75,IE,female
76,AU,female
77,GB,male
78,CH,female
79,FI,female
80,CH,male
81,ES,male
82,AU,male
83,CA,female
84,TR,male
85,NL,male
86,DK,male
87,NZ,male
88,ES,female
89,DE,male
90,FI,male
91,IE,male
92,IE,male
93,TR,male
94,CH,male
95,BR,male
96,FR,female
97,DK,male
98,AU,male
99,TR,male
100,CA,female
101,FR,female
102,CH,male
103,BR,male
104,FI,male
105,IE,male
106,AU,female
107,FI,female
108,FR,female
109,US,female
110,AU,female
111,CA,female
112,IE,male
113,IR,male
114,FI,male
115,CA,female
116,TR,male
117,NZ,female
118,FI,female
119,CA,female
120,ES,male
121,CH,male
122,FR,male
123,NL,female
124,IR,female
125,TR,male
126,GB,female
127,US,female
128,CA,female
129,DE,male
130,CA,female
131,CH,male
132,TR,female
133,IR,male
134,GB,male
135,NZ,male
136,TR,female
137,CA,female
138,DE,male
139,AU,female
140,GB,male
141,CA,male
142,AU,male
143,IE,female
144,NL,male
145,BR,male
146,NL,female
147,NL,male
148,GB,female
149,FR,male
150,AU,male
151,CH,male
152,DE,female
153,GB,male
154,GB,male
155,BR,female
156,IR,male
157,AU,female
158,TR,male
159,CH,female
160,DE,female
161,ES,female
162,IE,male
163,TR,female
164,CH,female
165,FI,female
166,IE,male
167,ES,female
168,FI,female
169,DE,female
170,ES,male
171,US,female
172,NL,female
173,FI,male
174,FR,male
175,AU,female
176,IE,female
177,GB,female
178,NL,male
179,NZ,female
180,NZ,female
181,FR,male
182,DK,female
183,IR,female
184,NZ,male
185,NZ,male
186,US,female
187,GB,female
188,CA,female
189,NZ,male
190,FR,male
191,DE,male
192,GB,female
193,FR,female
194,FR,male
195,FI,female
196,NL,female
197,CH,male
198,BR,female
199,AU,female
200,IE,female
201,FI,female
202,IE,male
203,AU,male
204,AU,female
205,CH,female
206,IE,male
207,DK,female
208,GB,female
209,NZ,female
210,TR,male
211,FI,female
212,AU,female
213,AU,female
214,IE,male
215,DE,female
216,TR,female
217,BR,female
218,TR,female
219,NL,female
220,DK,female
221,GB,male
222,IE,female
223,FI,male
224,FR,male
225,AU,male
226,GB,female
227,NZ,male
228,GB,female
229,BR,female
230,AU,male
231,CA,female
232,US,male
233,TR,female
234,BR,female
235,TR,female
236,NL,female
237,IR,male
238,NL,female
239,IR,female
240,NL,male
241,CA,female
242,CA,female
243,FR,male
244,ES,female
245,TR,female
246,IE,male
247,TR,female
248,DE,female
249,ES,female
250,FR,female
251,IR,male
252,IR,female
253,NZ,male
254,CH,female
255,IE,male
256,FI,female
257,FI,female
258,AU,female
259,FR,female
260,IR,male
261,BR,female
262,DK,female
263,CA,male
264,DK,male
265,AU,female
266,FI,male
267,FR,male
268,IE,female
269,CH,female
270,FI,female
271,US,female
272,FI,female
273,ES,male
274,GB,female
275,DK,female
276,GB,female
277,FR,male
278,TR,male
279,CA,male
280,FI,male
281,NZ,male
282,GB,female
283,BR,female
284,IE,male
285,IR,male
286,ES,female
287,IR,female
288,GB,female
289,CA,male
290,ES,female
291,TR,male
292,ES,male
293,GB,female
294,US,female
295,NL,female
296,CA,male
297,ES,female
298,GB,male
299,CH,female
300,GB,male
301,DK,male
302,BR,male
303,IE,female
304,GB,female
305,TR,male
306,FI,female
307,DE,female
308,IR,female
309,NZ,female
310,IE,male
311,IE,male
312,US,male
313,CH,male
314,DK,female
315,NL,female
316,FI,female
317,US,male
318,IE,female
319,BR,female
320,FR,female
321,TR,female
322,CH,male
323,BR,female
324,DK,male
325,IE,male
326,AU,male
327,TR,male
328,US,female
329,NL,male
330,CA,female
331,TR,male
332,US,female
333,IE,male
334,TR,female
335,GB,female
336,NZ,female
337,FI,male
338,IR,male
339,US,male
340,FI,female
341,IE,male
342,FI,male
343,CH,male
344,DE,female
345,DE,female
346,US,male
347,DE,male
348,DK,female
349,NZ,male
350,IE,female
351,CA,male
352,DK,female
353,US,female
354,DK,male
355,FR,male
356,FR,male
357,GB,female
358,IR,female
359,CA,female
360,IE,male
361,FI,female
362,FR,female
363,ES,female
364,FI,male
365,ES,male
366,NL,female
367,DK,male
368,FR,female
369,FI,male
370,NL,female
371,FR,male
372,IE,female
373,TR,male
374,TR,female
375,US,male
376,ES,female
377,NL,male
378,CH,female
379,IE,female
380,US,male
381,AU,female
382,FR,female
383,BR,male
384,CH,male
385,FR,male
386,DK,female
387,US,female
388,DE,male
389,GB,female
390,US,male
391,DE,female
392,ES,male
393,IE,female
394,CH,female
395,FR,female
396,CH,female
397,US,male
398,FR,female
399,BR,male
400,DE,female
401,FI,male
402,DK,female
403,DE,male
404,TR,male
405,ES,male
406,TR,male
407,DE,female
408,DK,male
409,US,male
410,AU,female
411,BR,male
412,GB,male
413,BR,male
414,FI,female
415,GB,female
416,TR,male
417,NZ,male
418,GB,male
419,DE,male
420,DK,female
421,DE,male
422,TR,male
423,DK,male
424,FR,male
425,FR,female
426,DK,female
427,IE,male
428,BR,female
429,IR,female
430,ES,female
431,IR,male
432,ES,male
433,DK,male
434,NL,male
435,US,male
436,ES,female
437,US,male
438,ES,male
439,IE,male
440,DK,male
441,CA,male
442,IE,female
443,IE,female
444,GB,male
445,NZ,female
446,CH,male
447,AU,male
448,BR,female
449,BR,male
450,ES,female
451,DK,male
452,FI,male
453,FR,male
454,AU,male
455,FI,female
456,AU,female
457,NL,female
458,NZ,female
459,IE,female
460,FI,male
461,DK,male
462,US,male
463,NL,male
464,IR,male
465,US,female
466,CA,male
467,DE,male
468,FI,male
469,CA,male
470,CH,male
471,ES,male
472,CH,male
473,IE,male
474,IR,male
475,AU,male
476,IR,female
477,CA,male
478,US,male
479,CH,male
480,DE,female
481,DK,male
482,US,female
483,US,male
484,GB,female
485,TR,male
486,IE,female
487,ES,female
488,CA,male
489,CH,female
490,GB,male
491,IE,male
492,AU,male
493,TR,female
494,NL,female
495,NZ,male
496,DE,female
497,DE,female
498,NZ,male
499,NZ,female
500,CA,male
501,CH,male
502,CA,male
503,FI,male
504,IE,male
505,AU,male
506,US,male
507,TR,female
508,CA,female
509,DE,female
510,FR,male
511,US,male
512,DE,female
513,ES,female
514,FI,male
515,AU,male
516,BR,female
517,IE,female
518,CH,male
519,DE,male
520,AU,male
521,IE,male
522,NZ,female
523,IE,female
524,FR,female
525,US,female
526,FR,male
527,NL,male
528,IR,female
529,GB,male
530,CA,female
531,US,female
532,NZ,female
533,FI,male
534,ES,female
535,DE,female
536,BR,female
537,FI,male
538,IE,female
539,DK,female
540,DE,male
541,NZ,female
542,IR,male
543,FR,male
544,FI,male
545,AU,male
546,CA,male
547,FI,male
548,AU,female
549,NZ,female
550,TR,male
551,NL,male
552,US,female
553,NL,male
554,FI,male
555,GB,male
556,ES,male
557,NZ,female
558,NL,female
559,CH,male
560,US,male
561,BR,female
562,CH,female
563,CH,female
564,NL,male
565,ES,male
566,NZ,female
567,FI,male
568,DK,female
569,DK,female
570,GB,female
571,NL,male
572,ES,female
573,IE,female
574,CH,male
575,CA,male
576,NZ,male
577,FR,female
578,FI,female
579,IR,female
580,IE,male
581,IE,female
582,NL,female
583,FR,male
584,TR,male
585,DE,male
586,DE,female
587,NZ,male
588,DK,male
589,US,female
590,DK,male
591,NZ,male
592,NZ,male
593,DK,female
594,FI,female
595,FI,male
596,CH,female
597,IE,male
598,TR,female
599,ES,female
600,TR,female
601,DE,female
602,NZ,female
603,IE,male
604,TR,male
605,BR,male
606,NZ,male
607,TR,male
608,IE,female
609,AU,female
610,DE,male
611,DK,female
612,GB,female
613,DK,female
614,IE,female
615,CA,female
616,CH,female
617,BR,female
618,US,male
619,IE,female
620,US,female
621,CH,male
622,DE,female
623,FR,male
624,DK,female
625,TR,male
626,IE,female
627,ES,male
628,BR,female
629,GB,male
630,US,male
631,NL,male
632,AU,male
633,NL,male
634,FR,male
635,DK,male
636,IE,female
637,NZ,female
638,NL,male
639,AU,male
640,FI,male
641,CH,female
642,DE,male
643,CH,male
644,NZ,male
645,US,female
646,CA,female
647,TR,male
648,CA,male
649,IE,female
650,IR,male
651,FR,male
652,ES,female
653,IE,female
654,NZ,female
655,DE,male
656,CH,male
657,GB,male
658,BR,female
659,US,female
660,BR,female
661,DE,male
662,FI,male
663,CA,female
664,CA,female
665,DE,female
666,AU,male
667,DE,female
668,GB,male
669,CH,male
670,FR,male
671,CA,male
672,FR,female
673,NZ,male
674,ES,male
675,IE,female
676,NZ,female
677,IR,male
678,FI,male
679,CA,female
680,TR,male
681,GB,male
682,FI,female
683,NZ,male
684,AU,female
685,IE,female
686,BR,female
687,FI,female
688,IE,female
689,FI,female
690,CH,female
691,TR,male
692,IE,male
693,IE,female
694,IR,female
695,DE,male
696,NZ,male
697,DK,female
698,ES,male
699,DK,male
700,IR,female
701,GB,female
702,IE,female
703,GB,male
704,CA,male
705,US,male
706,NL,female
707,US,female
708,CA,female
709,BR,male
710,US,male
711,NZ,female
712,BR,female
713,NZ,female
714,ES,male
715,CA,male
716,DE,male
717,NL,female
718,US,male
719,CH,female
720,US,female
721,US,female
722,IE,male
723,CH,male
724,CH,male
725,IE,male
726,CH,female
727,IE,male
728,IE,female
729,DE,male
730,DE,male
731,DK,female
732,DE,male
733,FI,male
734,DK,male
735,NZ,male
736,FR,male
737,IE,male
738,DK,male
739,CH,female
740,IE,female
741,CH,female
742,FR,male
743,BR,female
744,GB,female
745,US,male
746,NZ,female
747,GB,male
748,BR,male
749,NZ,male
750,CA,male
751,TR,female
752,US,female
753,TR,male
754,AU,female
755,DE,male
756,ES,male
757,ES,female
758,FI,female
759,BR,female
760,FI,female
761,IE,female
762,TR,male
763,CH,female
764,ES,male
765,AU,female
766,NL,male
767,GB,female
768,AU,male
769,TR,female
770,IE,female
771,NL,female
772,IR,male
773,AU,female
774,GB,female
775,ES,female
776,DE,female
777,CH,male
778,FI,female
779,TR,male
780,GB,male
781,NL,female
782,US,female
783,AU,female
784,US,male
785,AU,male
786,CH,female
787,CH,female
788,IR,female
789,NL,male
790,BR,male
791,NL,male
792,ES,male
793,DK,female
794,FI,male
795,FI,male
796,DK,female
797,CA,female
798,TR,male
799,BR,male
800,FR,female
801,NZ,male
802,FI,female
803,NZ,female
804,FR,male
805,BR,female
806,DK,male
807,NZ,male
808,TR,male
809,NL,male
810,BR,male
811,AU,male
812,IE,male
813,ES,male
814,CH,male
815,US,female
816,IE,female
817,IR,female
818,DK,male
819,FR,female
820,DK,female
821,NL,female
822,BR,male
823,GB,female
824,AU,female
825,ES,female
826,US,male
827,BR,male
828,TR,male
829,ES,male
830,FR,male
831,CH,female
832,CA,male
833,IR,female
834,CA,male
835,NL,female
836,CA,male
837,GB,male
838,AU,female
839,FR,female
840,FR,female
841,AU,male
842,NL,male
843,NZ,female
844,TR,female
845,FR,female
846,CH,female
847,FR,female
848,NL,female
849,TR,male
850,CA,male
851,ES,female
852,FI,male
853,IR,female
854,BR,female
855,BR,male
856,FI,male
857,ES,male
858,CA,male
859,AU,female
860,FI,male
861,US,male
862,NZ,female
863,AU,male
864,ES,male
865,DE,male
866,ES,female
867,US,male
868,AU,male
869,NZ,male
870,US,male
871,FI,female
872,CH,male
873,NL,male
874,DE,female
875,CH,male
876,ES,male
877,ES,female
878,CA,female
879,DK,male
880,US,female
881,DE,female
882,IR,male
883,AU,female
884,DK,female
885,US,male
886,DE,female
887,FR,female
888,TR,female
889,NZ,male
890,IR,male
891,US,female
892,DE,male
893,ES,female
894,AU,male
895,CH,female
896,ES,male
897,NL,male
898,DE,male
899,DE,female
900,US,female
901,NL,female
902,DK,male
903,US,female
904,FI,female
905,US,female
906,CA,female
907,FR,female
908,FR,male
909,GB,male
910,CH,female
911,ES,female
912,ES,male
913,IE,female
914,IE,female
915,FI,female
916,BR,male
917,IE,female
918,FR,female
919,NL,female
920,NZ,male
921,US,female
922,GB,male
923,BR,female
924,DE,male
925,NL,male
926,IE,male
927,AU,female
928,DE,female
929,GB,male
930,TR,female
931,TR,male
932,AU,female
933,ES,female
934,CA,male
935,NZ,male
936,GB,female
937,ES,male
938,FR,male
939,FI,male
940,CH,female
941,AU,female
942,CH,male
943,FR,female
944,GB,male
945,CA,female
946,IE,female
947,ES,female
948,IE,male
949,NZ,male
950,TR,female
951,DK,female
952,NL,male
953,FI,female
954,AU,female
955,ES,female
956,DK,male
957,US,female
958,IE,female
959,TR,female
960,IR,male
961,ES,female
962,CA,female
963,DK,female
964,US,male
965,FI,male
966,US,male
967,CA,male
968,IR,male
969,GB,male
970,BR,male
971,NZ,male
972,IE,female
973,US,male
974,IE,male
975,FI,male
976,IR,male
977,FI,female
978,NZ,male
979,ES,female
980,CA,female
981,FI,male
982,GB,male
983,DE,male
984,NL,female
985,CH,female
986,CA,female
987,CH,female
988,TR,female
989,CA,male
990,DE,female
991,IR,male
992,IR,male
993,US,male
994,NZ,female
995,US,male
996,BR,female
997,US,female
998,FI,male
999,IR,female
1000,AU,male
1001,FI,female
1002,BR,male
1003,CA,male
1004,CH,female
1005,FI,male
1006,AU,female
1007,CH,female
1008,NZ,male
1009,AU,female
1010,IR,female
1011,DE,male
1012,IR,male
1013,TR,female
1014,NZ,female
1015,CA,female
1016,IE,female
1017,US,female
1018,BR,female
1019,TR,female
1020,DK,male
1021,NL,male
1022,NZ,female
1023,IE,male
1024,CA,male
1025,IE,male
1026,NL,male
1027,US,male
1028,NL,male
1029,IE,female
1030,FR,female
1031,TR,female
1032,CH,female
1033,CA,female
1034,ES,female
1035,US,female
1036,FR,male
1037,AU,female
1038,GB,male
1039,IE,male
1040,TR,male
1041,CH,female
1042,IR,female
1043,DK,female
1044,TR,female
1045,DK,male
1046,DE,female
1047,FR,female
1048,GB,female
1049,IE,female
1050,CH,male
1051,TR,female
1052,FI,male
1053,NL,female
1054,DK,female
1055,GB,male
1056,BR,male
1057,ES,female
1058,BR,male
1059,NL,male
1060,CH,female
1061,DK,male
1062,NL,female
1063,IE,female
1064,NL,female
1065,BR,male
1066,DK,female
1067,NZ,female
1068,GB,male
1069,NZ,female
1070,GB,male
1071,US,female
1072,GB,male
1073,DK,female
1074,DK,male
1075,US,female
1076,ES,male
1077,CA,female
1078,FI,male
1079,AU,female
1080,IE,male
1081,BR,female
1082,CA,female
1083,FI,female
1084,NZ,male
1085,GB,male
1086,FR,male
1087,DK,male
1088,DE,female
1089,FR,male
1090,DK,female
1091,CH,male
1092,NL,female
1093,IE,male
1094,NZ,female
1095,CH,female
1096,TR,male
1097,IR,female
1098,DK,female
1099,ES,male
1100,NZ,male
1101,CH,female
1102,DE,male
1103,FR,male
1104,FR,female
1105,BR,female
1106,CH,male
1107,NZ,female
1108,US,male
1109,NL,female
1110,DE,female
1111,DE,female
1112,DK,female
1113,GB,female
1114,CH,female
1115,US,female
1116,NZ,male
1117,CA,female
1118,IR,female
1119,US,female
1120,CH,female
1121,AU,female
1122,CA,male
1123,ES,female
1124,DK,female
1125,NZ,female
1126,CH,male
1127,GB,female
1128,TR,male
1129,DE,male
1130,CH,female
1131,NZ,male
1132,NZ,female
1133,FR,male
1134,CA,female
1135,BR,female
1136,IE,male
1137,BR,female
1138,CH,male
1139,US,female
1140,BR,male
1141,ES,male
1142,FR,female
1143,DK,female
1144,IR,female
1145,AU,female
1146,IE,female
1147,FI,male
1148,AU,female
1149,CA,male
1150,BR,female
1151,IE,female
1152,DK,male
1153,NL,male
1154,US,female
1155,FI,female
1156,DK,female
1157,FI,male
1158,US,male
1159,US,male
1160,US,female
1161,CA,male
1162,IR,male
1163,IR,female
1164,DE,male
1165,NL,female
1166,BR,female
1167,CA,male
1168,FI,female
1169,GB,female
1170,FR,female
1171,FR,female
1172,US,female
1173,DE,male
1174,DE,male
1175,TR,male
1176,IE,male
1177,DE,male
1178,IR,male
1179,GB,female
1180,TR,female
1181,FI,male
1182,TR,male
1183,CA,male
1184,ES,female
1185,CA,female
1186,TR,female
1187,US,male
1188,DE,female
1189,CA,female
1190,FR,female
1191,IE,male
1192,ES,female
1193,FR,female
1194,IE,male
1195,IR,male
1196,NL,female
1197,CH,male
1198,AU,male
1199,CH,male
1200,IE,male
1201,FI,female
1202,GB,female
1203,FI,female
1204,ES,male
1205,IR,female
1206,TR,female
1207,BR,male
1208,CA,male
1209,GB,male
1210,DE,male
1211,AU,female
1212,NL,female
1213,US,female
1214,NZ,female
1215,CA,male
1216,IE,female
1217,BR,male
1218,DK,male
1219,US,female
1220,DK,female
1221,NZ,female
1222,DK,female
1223,TR,female
1224,GB,female
1225,US,female
1226,ES,female
1227,CA,female
1228,NL,female
1229,ES,male
1230,TR,male
1231,NL,male
1232,AU,male
1233,DK,male
1234,NZ,female
1235,IE,male
1236,GB,female
1237,CH,male
1238,IE,male
1239,ES,male
1240,ES,female
1241,DK,female
1242,US,female
1243,ES,male
1244,US,female
1245,FI,male
1246,AU,female
1247,IR,male
1248,NL,male
1249,DE,female
1250,AU,male
1251,FR,female
1252,CA,female
1253,NL,male
1254,TR,female
1255,US,male
1256,IR,female
1257,AU,male
1258,IE,female
1259,TR,female
1260,NL,male
1261,US,male
1262,US,male
1263,FI,male
1264,FR,female
1265,FR,female
1266,NL,male
1267,CA,female
1268,DE,male
1269,NL,male
1270,US,female
1271,AU,female
1272,NZ,male
1273,NL,female
1274,TR,male
1275,ES,female
1276,BR,male
1277,FR,female
1278,AU,female
1279,AU,male
1280,ES,male
1281,DK,female
1282,FR,male
1283,BR,male
1284,DK,male
1285,BR,female
1286,DE,female
1287,DK,male
1288,CH,female
1289,FR,female
1290,CA,female
1291,GB,male
1292,DE,female
1293,ES,male
1294,CH,male
1295,FI,female
1296,CH,male
1297,FI,female
1298,CH,male
1299,FI,male
1300,DE,female
1301,CA,female
1302,ES,male
1303,IE,male
1304,TR,male
1305,FR,female
1306,NL,female
1307,US,female
1308,DK,male
1309,CH,male
1310,US,male
1311,CA,female
1312,DE,female
1313,TR,female
1314,NZ,female
1315,TR,female
1316,BR,female
1317,IE,male
1318,GB,female
1319,ES,male
1320,US,male
1321,NL,female
1322,FI,male
1323,NL,female
1324,IE,female
1325,FR,male
1326,DK,female
1327,FR,male
1328,FI,male
1329,CA,male
1330,DE,male
1331,CH,male
1332,CA,female
1333,IR,male
1334,NL,male
1335,FR,female
1336,AU,female
1337,AU,female
1338,AU,female
1339,TR,female
1340,CA,female
1341,NZ,female
1342,IR,male
1343,IR,male
1344,US,male
1345,CH,male
1346,US,male
1347,DE,female
1348,US,male
1349,FR,female
1350,GB,female
1351,ES,female
1352,CH,male
1353,TR,male
1354,NL,female
1355,US,female
1356,BR,male
1357,NL,female
1358,IE,male
1359,IE,female
1360,US,male
1361,GB,female
1362,BR,female
1363,GB,female
1364,BR,male
1365,CH,female
1366,GB,male
1367,CH,female
1368,CA,male
1369,NL,male
1370,DK,female
1371,IE,male
1372,DK,male
1373,IE,male
1374,NL,male
1375,NL,male
1376,DK,female
1377,FR,male
1378,IE,male
1379,US,male
1380,IE,male
1381,FI,female
1382,IR,male
1383,TR,female
1384,AU,male
1385,CA,male
1386,US,male
1387,US,male
1388,AU,female
1389,ES,male
1390,GB,female
1391,CA,female
1392,TR,male
1393,NZ,female
1394,CH,female
1395,FR,male
1396,IR,male
1397,NZ,female
1398,AU,female
1399,FR,male
1400,DE,male
1401,IE,female
1402,CH,female
1403,BR,female
1404,NZ,female
1405,FR,female
1406,DK,male
1407,IE,male
1408,GB,male
1409,IE,female
1410,ES,female
1411,ES,male
1412,GB,male
1413,NZ,male
1414,FI,male
1415,CA,male
1416,FI,female
1417,NL,male
1418,GB,female
1419,US,female
1420,IR,male
1421,FI,female
1422,TR,male
1423,AU,male
1424,FI,male
1425,FR,male
1426,NZ,female
1427,TR,female
1428,FI,female
1429,ES,male
1430,GB,female
1431,NL,male
1432,NZ,female
1433,DE,female
1434,IE,male
1435,BR,male
1436,NL,male
1437,GB,female
1438,DK,male
1439,NL,female
1440,FI,female
1441,ES,male
1442,IR,male
1443,CH,male
1444,GB,male
1445,CA,female
1446,NL,female
1447,FR,male
1448,NZ,male
1449,CH,male
1450,ES,male
1451,DK,male
1452,CH,male
1453,BR,female
1454,NL,female
1455,NL,male
1456,BR,male
1457,US,female
1458,FI,male
1459,AU,female
1460,TR,female
1461,DK,female
1462,ES,male
1463,BR,male
1464,AU,female
1465,FR,female
1466,US,female
1467,ES,female
1468,NL,female
1469,TR,male
1470,DK,female
1471,AU,female
1472,FI,female
1473,FR,female
1474,GB,female
1475,US,male
1476,DE,female
1477,TR,female
1478,DE,male
1479,NZ,female
1480,GB,female
1481,FR,female
1482,CH,male
1483,TR,male
1484,NL,male
1485,FR,female
1486,NL,female
1487,IR,female
1488,IE,male
1489,CA,female
1490,ES,male
1491,TR,male
1492,AU,female
1493,BR,female
1494,CA,female
1495,IE,female
1496,CH,male
1497,NL,male
1498,CH,female
1499,IE,female
1500,TR,male
1501,BR,female
1502,CA,female
1503,CH,male
1504,CA,male
1505,IE,male
1506,US,male
1507,US,female
1508,CA,female
1509,US,female
1510,ES,male
1511,IE,male
1512,CH,female
1513,FI,female
1514,NZ,male
1515,GB,male
1516,DE,male
1517,GB,female
1518,NL,female
1519,NZ,female
1520,CA,female
1521,CA,female
1522,BR,female
1523,IR,male
1524,TR,male
1525,IE,male
1526,DK,female
1527,FI,male
1528,IE,female
1529,ES,female
1530,CA,male
1531,US,male
1532,GB,female
1533,DE,female
1534,CA,female
1535,IR,male
1536,FI,female
1537,DE,female
1538,AU,female
1539,CH,male
1540,TR,female
1541,TR,male
1542,DE,female
1543,TR,male
1544,IE,female
1545,CA,male
1546,NL,female
1547,BR,female
1548,FI,male
1549,GB,male
1550,US,male
1551,NZ,female
1552,NL,female
1553,CH,male
1554,AU,female
1555,FI,male
1556,TR,male
1557,IE,male
1558,TR,male
1559,DE,male
1560,IE,female
1561,CH,female
1562,NL,male
1563,AU,female
1564,ES,male
1565,FI,male
1566,CA,female
1567,DE,male
1568,IR,female
1569,CH,male
1570,NL,male
1571,AU,male
1572,CH,male
1573,TR,female
1574,NZ,male
1575,CA,female
1576,TR,female
1577,FR,female
1578,CA,female
1579,TR,male
1580,FI,female
1581,CA,male
1582,CA,male
1583,US,male
1584,IE,male
1585,FI,male
1586,AU,male
1587,IE,male
1588,US,female
1589,NL,male
1590,IR,male
1591,NL,male
1592,IR,male
1593,ES,female
1594,IE,male
1595,BR,male
1596,IR,male
1597,CH,male
1598,US,female
1599,IE,female
1600,US,female
1601,DK,female
1602,TR,female
1603,US,female
1604,IR,female
1605,AU,male
1606,NL,female
1607,NZ,male
1608,IR,male
1609,FI,male
1610,AU,female
1611,CH,male
1612,DK,female
1613,DE,female
1614,GB,female
1615,CA,male
1616,GB,male
1617,IR,female
1618,ES,female
1619,AU,female
1620,CH,male
1621,ES,male
1622,AU,female
1623,IR,female
1624,NL,female
1625,ES,male
1626,TR,female
1627,FI,female
1628,IR,female
1629,IR,female
1630,NL,male
1631,NL,male
1632,TR,male
1633,BR,female
1634,ES,male
1635,IE,male
1636,BR,male
1637,AU,female
1638,IE,male
1639,CA,male
1640,FI,male
1641,DK,female
1642,US,male
1643,BR,male
1644,DE,male
1645,NL,female
1646,DE,female
1647,NZ,male
1648,NZ,female
1649,IE,male
1650,ES,male
1651,BR,male
1652,TR,female
1653,FR,male
1654,CA,female
1655,CH,male
1656,AU,female
1657,DK,male
1658,CA,female
1659,GB,male
1660,AU,female
1661,ES,male
1662,IE,male
1663,FI,female
1664,IE,female
1665,NL,female
1666,CH,male
1667,CH,male
1668,NZ,female
1669,TR,female
1670,FR,male
1671,DE,female
1672,NL,male
1673,NL,male
1674,IE,female
1675,US,female
1676,NL,female
1677,NL,male
1678,AU,female
1679,IE,female
1680,NZ,male
1681,US,female
1682,NZ,male
1683,DE,female
1684,ES,female
1685,DE,male
1686,DE,male
1687,NZ,male
1688,DK,male
1689,FR,female
1690,FR,female
1691,US,male
1692,DK,female
1693,AU,male
1694,ES,female
1695,US,female
1696,IE,male
1697,FR,female
1698,NL,female
1699,AU,male
1700,NZ,female
1701,BR,male
1702,IR,female
1703,CA,female
1704,NL,female
1705,US,female
1706,BR,male
1707,GB,female
1708,BR,female
1709,CH,female
1710,NL,female
1711,AU,female
1712,US,male
1713,DE,male
1714,IE,female
1715,AU,male
1716,CA,female
1717,CA,male
1718,CA,female
1719,DE,female
1720,ES,female
1721,GB,female
1722,BR,female
1723,NZ,female
1724,FR,male
1725,IE,male
1726,US,male
1727,NZ,female
1728,DE,male
1729,NZ,female
1730,TR,female
1731,CH,male
1732,US,male
1733,DK,male
1734,BR,male
1735,BR,male
1736,FI,female
1737,IR,female
1738,CH,male
1739,TR,male
1740,CA,female
1741,BR,male
1742,BR,female
1743,DK,male
1744,CA,male
1745,TR,female
1746,TR,female
1747,AU,male
1748,CH,female
1749,CH,female
1750,AU,female
1751,DK,female
1752,ES,female
1753,CH,male
1754,CA,male
1755,FI,male
1756,BR,female
1757,AU,female
1758,DE,male
1759,CH,male
1760,BR,female
1761,NZ,female
1762,US,female
1763,US,male
1764,FR,male
1765,GB,male
1766,DE,male
1767,IR,female
1768,NZ,male
1769,CH,female
1770,CH,male
1771,NL,female
1772,TR,female
1773,NZ,female
1774,US,female
1775,DE,female
1776,BR,female
1777,FI,female
1778,FR,male
1779,NL,female
1780,CA,male
1781,BR,female
1782,TR,male
1783,FR,male
1784,BR,female
1785,IR,male
1786,NZ,male
1787,DE,female
1788,NZ,female
1789,IR,female
1790,DE,female
1791,TR,male
1792,GB,female
1793,FI,female
1794,IE,female
1795,ES,male
1796,IR,male
1797,US,female
1798,IR,male
1799,BR,female
1800,DK,male
1801,DK,male
1802,TR,male
1803,CA,female
1804,NZ,male
1805,DE,female
1806,IR,female
1807,AU,male
1808,NL,male
1809,CA,male
1810,FI,female
1811,NL,female
1812,NZ,male
1813,DE,female
1814,DE,female
1815,US,male
1816,DK,female
1817,IR,male
1818,CH,female
1819,GB,female
1820,FR,female
1821,AU,male
1822,FR,male
1823,NL,male
1824,FI,male
1825,DK,male
1826,FR,male
1827,NL,female
1828,DK,male
1829,NL,male
1830,US,male
1831,GB,male
1832,CA,female
1833,DE,male
1834,NZ,female
1835,TR,male
1836,AU,female
1837,NZ,female
1838,TR,female
1839,ES,male
1840,CA,female
1841,FI,female
1842,TR,male
1843,BR,female
1844,CH,male
1845,TR,female
1846,AU,male
1847,FI,male
1848,FR,female
1849,FR,female
1850,GB,male
1851,CA,male
1852,BR,male
1853,DE,male
1854,FR,male
1855,NZ,female
1856,CA,female
1857,DE,male
1858,IE,male
1859,AU,female
1860,ES,female
1861,US,female
1862,IR,male
1863,TR,female
1864,NL,male
1865,IR,female
1866,IE,male
1867,NZ,male
1868,DK,female
1869,BR,male
1870,FI,female
1871,ES,female
1872,CA,male
1873,DK,male
1874,NL,male
1875,CA,female
1876,CA,male
1877,ES,male
1878,US,female
1879,BR,female
1880,FR,male
1881,BR,male
1882,IR,male
1883,FI,male
1884,US,male
1885,DK,male
1886,US,male
1887,FR,female
1888,CH,female
1889,NZ,male
1890,TR,female
1891,IR,male
1892,NL,male
1893,IE,male
1894,DK,male
1895,FR,male
1896,AU,female
1897,AU,female
1898,US,male
1899,FR,male
1900,FR,male
1901,CA,male
1902,FI,male
1903,ES,male
1904,IE,male
1905,CH,male
1906,US,male
1907,FI,female
1908,CA,male
1909,ES,female
1910,DE,male
1911,IR,female
1912,FR,male
1913,NL,female
1914,TR,female
1915,BR,female
1916,IE,female
1917,CA,female
1918,NZ,male
1919,ES,male
1920,AU,male
1921,ES,male
1922,IE,male
1923,CA,female
1924,IE,male
1925,IR,female
1926,CH,male
1927,BR,female
1928,DE,male
1929,DK,male
1930,DK,male
1931,BR,female
1932,DE,female
1933,DE,male
1934,NZ,male
1935,FR,male
1936,TR,female
1937,CH,male
1938,CA,male
1939,CA,female
1940,IR,female
1941,BR,male
1942,DE,male
1943,US,male
1944,DE,female
1945,AU,female
1946,US,female
1947,ES,female
1948,NZ,male
1949,AU,female
1950,NL,female
1951,AU,female
1952,GB,male
1953,ES,male
1954,NL,male
1955,US,female
1956,ES,female
1957,DK,male
1958,GB,female
1959,NL,female
1960,GB,male
1961,AU,male
1962,NZ,male
1963,NL,male
1964,DK,male
1965,IE,male
1966,FI,female
1967,CA,male
1968,DK,female
1969,CH,male
1970,NZ,male
1971,TR,female
1972,FI,female
1973,BR,male
1974,DE,female
1975,CH,male
1976,DE,male
1977,BR,male
1978,DE,male
1979,FI,female
1980,DE,male
1981,CA,male
1982,AU,male
1983,NZ,male
1984,TR,female
1985,IE,male
1986,CH,male
1987,FI,male
1988,DK,female
1989,TR,male
1990,TR,female
1991,NZ,male
1992,NL,female
1993,BR,male
1994,IR,male
1995,NL,female
1996,CA,female
1997,NL,female
1998,US,female
1999,FR,female
2000,CH,female
2001,NZ,male
2002,IR,male
2003,FI,female
2004,NZ,female
2005,TR,female
2006,GB,female
2007,FI,male
2008,FI,male
2009,CH,female
2010,NZ,female
2011,FR,male
2012,AU,male
2013,IR,female
2014,FI,female
2015,NZ,male
2016,DE,male
2017,CA,male
2018,TR,female
2019,DE,male
2020,US,female
2021,IR,female
2022,IE,female
2023,NL,male
2024,ES,male
2025,GB,female
2026,NZ,male
2027,FR,male
2028,FI,male
2029,DK,male
2030,IR,female
2031,DK,male
2032,IE,female
2033,NZ,female
2034,GB,female
2035,GB,female
2036,NZ,female
2037,FI,male
2038,TR,male
2039,FI,female
2040,FR,female
2041,FI,male
2042,ES,male
2043,CH,male
2044,NZ,male
2045,AU,male
2046,BR,female
2047,FR,female
2048,IR,female
2049,CA,female
2050,TR,male
2051,CH,female
2052,FI,male
2053,DK,female
2054,ES,male
2055,IE,female
2056,FI,male
2057,IR,male
2058,IE,female
2059,TR,male
2060,IR,female
2061,IE,male
2062,CA,female
2063,NL,female
2064,ES,female
2065,CH,male
2066,TR,female
2067,NL,male
2068,CH,male
2069,DK,female
2070,AU,female
2071,IR,female
2072,US,female
2073,GB,female
2074,GB,female
2075,BR,male
2076,TR,male
2077,FR,female
2078,NL,female
2079,CH,female
2080,AU,male
2081,NL,female
2082,NZ,female
2083,AU,male
2084,NZ,female
2085,CA,female
2086,GB,female
2087,FI,male
2088,DK,male
2089,CA,male
2090,TR,male
2091,IE,female
2092,US,female
2093,FI,male
2094,NZ,female
2095,US,male
2096,CH,female
2097,NZ,female
2098,NL,male
2099,GB,female
2100,DK,male
2101,IR,female
2102,CA,female
2103,AU,male
2104,CA,male
2105,CA,female
2106,DK,male
2107,IE,female
2108,IE,female
2109,GB,male
2110,FI,female
2111,DK,female
2112,IE,female
2113,NL,male
2114,FI,male
2115,DK,female
2116,CH,male
2117,CA,male
2118,ES,female
2119,IR,male
2120,ES,male
2121,DK,male
2122,BR,female
2123,FR,female
2124,AU,male
2125,US,male
2126,FI,female
2127,FR,male
2128,GB,female
2129,ES,female
2130,BR,female
2131,NL,male
2132,FR,male
2133,CA,female
2134,IE,male
2135,GB,male
2136,DK,female
2137,NL,male
2138,DK,female
2139,IR,female
2140,FI,male
2141,BR,female
2142,IR,female
2143,IE,male
2144,TR,female
2145,TR,male
2146,TR,female
2147,NL,female
2148,AU,male
2149,NZ,male
2150,BR,female
2151,FI,female
2152,DE,female
2153,GB,male
2154,TR,female
2155,IE,female
2156,AU,male
2157,NL,female
2158,CA,male
2159,IR,male
2160,DE,male
2161,DE,male
2162,TR,female
2163,BR,male
2164,NZ,female
2165,BR,female
2166,FR,male
2167,ES,female
2168,FI,male
2169,CA,male
2170,IE,male
2171,FI,male
2172,CH,female
2173,ES,male
2174,US,male
2175,AU,male
2176,US,female
2177,CH,female
2178,TR,male
2179,IE,male
2180,IR,female
2181,US,male
2182,DE,female
2183,DE,male
2184,US,female
2185,DE,male
2186,US,female
2187,DK,male
2188,FR,female
2189,CA,male
2190,BR,male
2191,ES,female
2192,US,female
2193,FR,female
2194,FI,male
2195,FI,female
2196,NZ,female
2197,BR,male
2198,FR,male
2199,AU,female
2200,AU,male
2201,DE,male
2202,IE,male
2203,US,male
2204,GB,male
2205,DK,female
2206,ES,male
2207,AU,male
2208,GB,female
2209,DE,male
2210,AU,female
2211,CH,male
2212,DK,female
2213,DE,male
2214,BR,male
2215,TR,male
2216,IE,male
2217,FR,female
2218,BR,male
2219,FI,female
2220,NL,female
2221,TR,female
2222,US,male
2223,AU,male
2224,TR,female
2225,NL,female
2226,FI,male
2227,CH,male
2228,IR,male
2229,TR,female
2230,CH,male
2231,FR,female
2232,NZ,female
2233,NL,female
2234,TR,female
2235,NZ,female
2236,DK,female
2237,AU,male
2238,DK,male
2239,DE,female
2240,US,male
2241,CH,female
2242,BR,female
2243,NZ,male
2244,TR,female
2245,NZ,female
2246,NL,male
2247,TR,male
2248,US,female
2249,FI,female
2250,TR,female
2251,IE,male
2252,GB,female
2253,IE,female
2254,NZ,male
2255,DE,female
2256,US,female
2257,TR,female
2258,AU,male
2259,NL,male
2260,ES,male
2261,NZ,male
2262,ES,male
2263,FR,female
2264,NZ,female
2265,US,male
2266,CA,female
2267,US,male
2268,US,male
2269,TR,male
2270,ES,male
2271,FI,male
2272,CA,male
2273,TR,female
2274,ES,female
2275,ES,female
2276,DK,female
2277,US,male
2278,GB,male
2279,BR,male
2280,NZ,male
2281,DK,male
2282,TR,male
2283,ES,male
2284,BR,male
2285,NZ,male
2286,CH,female
2287,ES,female
2288,DE,male
2289,TR,male
2290,ES,male
2291,TR,male
2292,FI,female
2293,FI,female
2294,AU,male
2295,IE,female
2296,GB,female
2297,CH,male
2298,TR,male
2299,DE,female
2300,US,male
2301,FI,male
2302,BR,female
2303,AU,female
2304,GB,female
2305,AU,male
2306,CH,male
2307,FR,male
2308,DK,male
2309,CA,male
2310,US,female
2311,IR,male
2312,DK,female
2313,US,male
2314,IE,male
2315,CA,male
2316,IE,female
2317,ES,female
2318,DK,male
2319,AU,male
2320,AU,female
2321,ES,female
2322,AU,male
2323,CH,male
2324,US,female
2325,FR,female
2326,GB,male
2327,GB,female
2328,NZ,female
2329,DE,male
2330,IR,female
2331,US,female
2332,IR,female
2333,TR,male
2334,BR,female
2335,ES,male
2336,CA,male
2337,ES,male
2338,DE,male
2339,DE,female
2340,CA,female
2341,ES,male
2342,DK,male
2343,ES,female
2344,NZ,female
2345,CH,male
2346,FI,female
2347,ES,male
2348,FI,female
2349,NZ,female
2350,US,female
2351,IR,male
2352,AU,male
2353,NL,female
2354,CA,male
2355,CH,male
2356,TR,female
2357,GB,male
2358,ES,female
2359,CH,male
2360,FI,male
2361,FI,female
2362,NL,male
2363,FI,female
2364,CA,female
2365,US,male
2366,IE,female
2367,AU,female
2368,FR,male
2369,NL,female
2370,NZ,female
2371,FI,male
2372,DK,male
2373,ES,female
2374,DE,male
2375,CA,female
2376,NL,female
2377,IR,female
2378,GB,male
2379,TR,female
2380,NL,female
2381,NZ,male
2382,CH,female
2383,FR,female
2384,DE,male
2385,CA,male
2386,NL,male
2387,FR,female
2388,FR,female
2389,FR,female
2390,IE,female
2391,BR,female
2392,NZ,female
2393,TR,male
2394,AU,male
2395,DK,male
2396,TR,male
2397,DK,male
2398,AU,female
2399,FR,female
2400,BR,male
2401,FR,male
2402,AU,male
2403,ES,male
2404,CH,female
2405,FI,female
2406,NZ,female
2407,NL,male
2408,DK,male
2409,CA,female
2410,IE,female
2411,CH,male
2412,FR,female
2413,IR,male
2414,US,male
2415,IE,male
2416,CA,female
2417,US,female
2418,NZ,male
2419,GB,male
2420,IE,male
2421,ES,female
2422,GB,male
2423,IE,female
2424,IE,female
2425,NL,female
2426,FI,male
2427,CA,female
2428,FI,female
2429,DE,male
2430,AU,male
2431,ES,male
2432,DE,male
2433,AU,female
2434,ES,female
2435,BR,male
2436,US,female
2437,DE,female
2438,US,female
2439,IE,female
2440,ES,male
2441,DE,female
2442,IE,female
2443,TR,female
2444,TR,female
2445,TR,male
2446,IR,male
2447,BR,male
2448,BR,female
2449,DK,female
2450,GB,male
2451,DK,female
2452,BR,male
2453,ES,female
2454,DE,female
2455,FI,male
2456,IR,female
2457,NL,female
2458,IR,male
2459,ES,female
2460,NL,female
2461,FI,male
2462,DE,male
2463,FI,male
2464,FR,male
2465,FR,female
2466,AU,female
2467,IR,male
2468,CH,male
2469,TR,male
2470,CA,male
2471,CA,female
2472,AU,male
2473,CH,female
2474,NZ,female
2475,TR,male
2476,DK,male
2477,CA,female
2478,CH,male
2479,NZ,female
2480,DK,female
2481,GB,male
2482,GB,male
2483,IE,male
2484,NL,female
2485,ES,female
2486,FI,female
2487,GB,female
2488,ES,male
2489,FR,male
2490,FI,male
2491,DE,female
2492,NL,male
2493,IE,female
2494,ES,male
2495,CH,male
2496,NL,female
2497,NZ,female
2498,AU,male
2499,FR,male
2500,GB,male
2501,FR,female
2502,AU,female
2503,ES,female
2504,DE,male
2505,FR,female
2506,TR,female
2507,AU,female
2508,BR,male
2509,IR,male
2510,CA,male
2511,BR,male
2512,CA,male
2513,IE,female
2514,GB,female
2515,CA,female
2516,NL,female
2517,CH,female
2518,FR,female
2519,TR,male
2520,IR,female
2521,AU,male
2522,NL,male
2523,CH,male
2524,AU,female
2525,DK,male
2526,CA,female
2527,US,male
2528,NZ,male
2529,DK,male
2530,NL,female
2531,AU,female
2532,AU,male
2533,IE,male
2534,NL,male
2535,FR,male
2536,IR,male
2537,DE,male
2538,CA,male
2539,DE,female
2540,US,male
2541,IR,female
2542,NZ,female
2543,CH,female
2544,DK,female
2545,CA,male
2546,AU,female
2547,ES,male
2548,AU,female
2549,US,male
2550,FI,male
2551,IR,male
2552,GB,female
2553,DK,female
2554,ES,male
2555,FR,male
2556,US,male
2557,IR,female
2558,US,female
2559,CA,female
2560,CH,female
2561,CA,female
2562,IE,female
2563,IR,female
2564,NL,male
2565,CH,female
2566,NL,male
2567,BR,male
2568,IE,male
2569,CH,female
2570,CH,female
2571,CA,female
2572,FR,male
2573,NL,male
2574,NZ,male
2575,AU,female
2576,DK,male
2577,IR,female
2578,FR,female
2579,FR,female
2580,GB,female
2581,BR,male
2582,FI,female
2583,CA,male
2584,NZ,male
2585,ES,female
2586,CA,female
2587,IE,female
2588,FR,male
2589,NL,male
2590,TR,male
2591,DK,female
2592,AU,female
2593,GB,male
2594,NZ,male
2595,NZ,female
2596,NL,male
2597,TR,female
2598,FI,female
2599,NZ,female
2600,DK,female
2601,US,female
2602,DE,female
2603,GB,male
2604,DE,female
2605,CA,male
2606,DK,female
2607,DK,female
2608,CH,female
2609,TR,female
2610,ES,male
2611,NL,female
2612,BR,female
2613,TR,male
2614,CA,female
2615,FI,female
2616,FI,male
2617,FR,female
2618,BR,male
2619,ES,female
2620,CA,male
2621,FR,female
2622,DE,female
2623,BR,female
2624,IE,female
2625,NL,male
2626,NL,male
2627,DK,female
2628,BR,male
2629,US,female
2630,NL,male
2631,AU,female
2632,CH,male
2633,AU,male
2634,BR,male
2635,FI,female
2636,FR,female
2637,CA,male
2638,ES,male
2639,IE,male
2640,CH,female
2641,ES,male
2642,TR,male
2643,CA,male
2644,IR,female
2645,DE,male
2646,CH,male
2647,CH,female
2648,NZ,female
2649,GB,male
2650,NL,male
2651,TR,female
2652,TR,female
2653,DK,male
2654,FR,female
2655,DK,female
2656,US,male
2657,FR,female
2658,US,male
2659,TR,male
2660,IR,female
2661,CH,male
2662,AU,female
2663,IR,female
2664,GB,male
2665,IE,male
2666,CH,female
2667,NL,female
2668,TR,male
2669,CH,female
2670,FI,male
2671,US,female
2672,CH,female
2673,CH,female
2674,ES,male
2675,ES,female
2676,DK,male
2677,CH,female
2678,DE,male
2679,FI,female
2680,AU,female
2681,IR,female
2682,IE,male
2683,NL,female
2684,CA,female
2685,CH,male
2686,CH,male
2687,AU,female
2688,BR,male
2689,IE,male
2690,ES,female
2691,GB,male
2692,FR,male
2693,GB,male
2694,ES,male
2695,NL,female
2696,NZ,female
2697,CH,male
2698,IE,female
2699,DE,female
2700,DE,female
2701,CH,female
2702,IR,male
2703,NL,female
2704,CA,male
2705,NZ,male
2706,NL,female
2707,CH,female
2708,IR,female
2709,GB,male
2710,AU,male
2711,FI,male
2712,CA,male
2713,FI,female
2714,CH,female
2715,TR,female
2716,FI,female
2717,IR,female
2718,BR,male
2719,BR,female
2720,US,female
2721,TR,female
2722,GB,female
2723,BR,male
2724,US,male
2725,IE,female
2726,IE,male
2727,ES,male
2728,NZ,male
2729,IR,female
2730,ES,male
2731,GB,male
2732,IR,male
2733,AU,male
2734,NZ,female
2735,CH,male
2736,NZ,female
2737,DE,male
2738,FI,male
2739,DK,female
2740,DE,male
2741,ES,male
2742,CA,male
2743,IR,female
2744,CH,female
2745,TR,female
2746,CH,male
2747,CA,male
2748,ES,female
2749,ES,male
2750,ES,female
2751,IE,male
2752,IE,male
2753,CA,female
2754,CH,male
2755,DK,female
2756,CA,female
2757,AU,female
2758,TR,male
2759,CH,female
2760,NZ,female
2761,CA,female
2762,IE,male
2763,ES,female
2764,DE,male
2765,FI,male
2766,DK,female
2767,CH,male
2768,ES,male
2769,NZ,female
2770,CH,female
2771,US,female
2772,FI,male
2773,CH,female
2774,ES,female
2775,IR,male
2776,DE,female
2777,CA,male
2778,FI,female
2779,DK,female
2780,GB,male
2781,DE,female
2782,NL,female
2783,FR,male
2784,FI,female
2785,NZ,male
2786,US,female
2787,NL,male
2788,US,female
2789,NZ,female
2790,FI,male
2791,DK,female
2792,FR,female
2793,FR,female
2794,IR,male
2795,CH,male
2796,AU,male
2797,IE,female
2798,GB,female
2799,NL,male
2800,FR,female
2801,FI,male
2802,CH,male
2803,CH,male
2804,NL,male
2805,NZ,male
2806,CA,male
2807,NZ,male
2808,FR,male
2809,ES,male
2810,DK,male
2811,US,female
2812,BR,male
2813,GB,male
2814,TR,male
2815,CH,female
2816,NZ,female
2817,ES,male
2818,NZ,male
2819,DE,male
2820,TR,female
2821,DE,female
2822,US,male
2823,NL,female
2824,IE,male
2825,CA,female
2826,US,female
2827,US,female
2828,US,male
2829,FR,male
2830,CH,male
2831,CA,female
2832,DE,male
2833,CH,male
2834,BR,male
2835,NL,female
2836,NL,female
2837,IE,male
2838,FR,female
2839,IR,male
2840,DK,female
2841,DE,female
2842,NL,female
2843,IE,male
2844,US,female
2845,DE,female
2846,IR,female
2847,BR,male
2848,BR,male
2849,CH,female
2850,IR,female
2851,DE,male
2852,BR,female
2853,TR,male
2854,TR,male
2855,IE,male
2856,FR,female
2857,ES,female
2858,GB,female
2859,FI,male
2860,US,male
2861,DE,male
2862,CH,male
2863,DE,male
2864,CH,male
2865,BR,male
2866,IE,female
2867,IR,female
2868,ES,male
2869,TR,female
2870,FR,female
2871,NZ,male
2872,US,female
2873,FI,female
2874,ES,female
2875,DK,male
2876,IR,female
2877,AU,male
2878,FI,female
2879,IR,male
2880,DK,female
2881,GB,female
2882,ES,male
2883,NL,male
2884,NZ,female
2885,CA,female
2886,NZ,female
2887,NL,male
2888,FI,female
2889,ES,male
2890,TR,male
2891,AU,female
2892,DK,male
2893,US,male
2894,IE,female
2895,NL,female
2896,NL,female
2897,NZ,female
2898,CH,female
2899,DE,male
2900,IE,female
2901,AU,female
2902,FR,male
2903,ES,female
2904,CH,male
2905,FR,male
2906,CH,female
2907,AU,male
2908,GB,female
2909,DE,female
2910,FI,female
2911,TR,male
2912,ES,female
2913,DK,male
2914,CA,female
2915,DE,male
2916,FI,female
2917,DK,female
2918,AU,male
2919,CA,male
2920,US,female
2921,TR,male
2922,NL,female
2923,DK,male
2924,FR,female
2925,FI,female
2926,BR,female
2927,BR,female
2928,GB,female
2929,BR,male
2930,NL,female
2931,ES,female
2932,CA,female
2933,BR,female
2934,US,female
2935,FI,female
2936,CH,female
2937,DK,male
2938,CH,male
2939,CH,female
2940,GB,female
2941,GB,male
2942,FI,male
2943,CH,female
2944,FR,female
2945,NL,female
2946,US,male
2947,NL,male
2948,NZ,female
2949,DK,male
2950,CH,male
2951,AU,male
2952,AU,female
2953,GB,male
2954,US,female
2955,IR,male
2956,DK,male
2957,TR,female
2958,US,male
2959,NL,female
2960,CH,male
2961,US,male
2962,FR,male
2963,CA,female
2964,FI,male
2965,AU,male
2966,US,female
2967,AU,male
2968,DE,female
2969,DE,female
2970,US,female
2971,FI,female
2972,DK,female
2973,DK,male
2974,US,female
2975,DK,male
2976,CA,female
2977,TR,female
2978,DK,male
2979,FI,male
2980,US,female
2981,AU,female
2982,CA,female
2983,NL,male
2984,TR,female
2985,TR,male
2986,US,female
2987,GB,female
2988,AU,female
2989,DK,female
2990,CA,male
2991,US,male
2992,TR,male
2993,TR,female
2994,CH,female
2995,TR,female
2996,US,female
2997,CH,male
2998,GB,female
2999,ES,female
3000,GB,female
3001,IR,male
3002,CH,female
3003,US,male
3004,NL,male
3005,US,male
3006,DK,female
3007,TR,male
3008,GB,female
3009,DK,female
3010,DK,male
3011,CH,female
3012,IE,female
3013,DK,female
3014,US,female
3015,AU,female
3016,IR,male
3017,DK,male
3018,BR,male
3019,CH,male
3020,BR,female
3021,ES,male
3022,TR,female
3023,CH,male
3024,IE,male
3025,DK,male
3026,DE,female
3027,TR,female
3028,CA,female
3029,GB,male
3030,US,female
3031,TR,male
3032,AU,female
3033,BR,female
3034,AU,female
3035,FI,male
3036,IE,female
3037,CA,female
3038,TR,female
3039,FR,female
3040,NL,female
3041,FI,male
3042,BR,male
3043,ES,male
3044,AU,male
3045,TR,female
3046,TR,female
3047,FI,male
3048,IR,male
3049,TR,male
3050,FR,male
3051,FR,male
3052,ES,male
3053,DK,female
3054,NL,male
3055,NL,female
3056,NL,male
3057,ES,male
3058,TR,male
3059,NL,male
3060,NZ,female
3061,AU,male
3062,ES,female
3063,DK,female
3064,CA,male
3065,TR,male
3066,DE,female
3067,TR,male
3068,CH,female
3069,ES,female
3070,DK,male
3071,CA,male
3072,CA,female
3073,GB,male
3074,US,female
3075,FI,female
3076,IE,male
3077,NL,male
3078,NZ,female
3079,TR,female
3080,CH,female
3081,CA,female
3082,AU,female
3083,BR,female
3084,FI,male
3085,CH,male
3086,US,female
3087,US,male
3088,IR,female
3089,ES,female
3090,AU,male
3091,BR,male
3092,GB,male
3093,CH,female
3094,AU,male
3095,GB,male
3096,GB,female
3097,FR,male
3098,GB,female
3099,GB,male
3100,NL,male
3101,NZ,female
3102,CH,female
3103,US,male
3104,BR,male
3105,AU,male
3106,CH,female
3107,IR,male
3108,CA,male
3109,TR,female
3110,CA,male
3111,DE,female
3112,CH,male
3113,BR,female
3114,AU,female
3115,TR,female
3116,DK,female
3117,US,female
3118,BR,female
3119,US,female
3120,IE,male
3121,ES,female
3122,US,male
3123,DE,female
3124,DE,female
3125,GB,female
3126,NZ,male
3127,US,male
3128,US,female
3129,NZ,male
3130,GB,male
3131,US,male
3132,DE,male
3133,CA,female
3134,AU,male
3135,CH,female
3136,FR,female
3137,NZ,female
3138,CA,male
3139,CA,male
3140,GB,male
3141,CA,male
3142,NZ,female
3143,FI,female
3144,CA,male
3145,FR,male
3146,IE,female
3147,IE,female
3148,CH,female
3149,CH,female
3150,IE,male
3151,IR,female
3152,IR,male
3153,NL,female
3154,IE,male
3155,DK,male
3156,US,male
3157,CH,male
3158,IE,male
3159,FI,male
3160,GB,female
3161,GB,male
3162,GB,female
3163,NZ,female
3164,GB,female
3165,IE,male
3166,US,male
3167,FR,female
3168,BR,male
3169,TR,male
3170,BR,female
3171,TR,female
3172,NL,female
3173,GB,female
3174,DE,male
3175,TR,male
3176,CA,male
3177,IE,female
3178,DK,male
3179,IR,female
3180,ES,male
3181,US,male
3182,CA,male
3183,ES,male
3184,CH,female
3185,DK,male
3186,GB,male
3187,US,female
3188,IE,female
3189,GB,male
3190,IE,female
3191,US,female
3192,NZ,male
3193,ES,female
3194,FI,female
3195,US,female
3196,IR,female
3197,DE,male
3198,AU,male
3199,ES,male
3200,AU,male
3201,CH,male
3202,FR,female
3203,IE,female
3204,US,male
3205,TR,male
3206,TR,female
3207,GB,female
3208,FI,male
3209,DK,female
3210,CH,female
3211,FR,male
3212,NZ,female
3213,NL,female
3214,TR,male
3215,IE,female
3216,IR,male
3217,TR,female
3218,IE,female
3219,TR,female
3220,AU,male
3221,DK,male
3222,FI,male
3223,FI,female
3224,DK,female
3225,IE,male
3226,CA,female
3227,ES,male
3228,IE,female
3229,DK,male
3230,DE,female
3231,IR,female
3232,FR,female
3233,ES,male
3234,CA,female
3235,IR,female
3236,TR,female
3237,FR,female
3238,NL,female
3239,NL,male
3240,TR,female
3241,CA,female
3242,IE,male
3243,BR,male
3244,FR,male
3245,DE,female
3246,IE,male
3247,NZ,female
3248,AU,female
3249,US,male
3250,ES,male
3251,NZ,female
3252,DE,female
3253,IR,female
3254,ES,female
3255,AU,female
3256,FR,female
3257,NL,female
3258,FI,male
3259,BR,female
3260,NL,female
3261,FR,male
3262,CH,female
3263,FI,female
3264,FR,male
3265,BR,male
3266,ES,female
3267,DK,female
3268,GB,female
3269,CA,male
3270,IR,female
3271,DE,female
3272,AU,female
3273,IE,female
3274,FI,female
3275,US,male
3276,DE,male
3277,ES,male
3278,GB,female
3279,FI,male
3280,IR,male
3281,TR,female
3282,NL,male
3283,IE,male
3284,ES,female
3285,FI,male
3286,US,male
3287,AU,male
3288,CH,female
3289,FR,female
3290,GB,male
3291,BR,female
3292,FR,female
3293,DK,female
3294,FR,female
3295,US,male
3296,US,male
3297,FI,female
3298,GB,male
3299,US,female
3300,CH,male
3301,IR,male
3302,FI,male
3303,FI,female
3304,TR,male
3305,DK,female
3306,TR,male
3307,US,female
3308,IE,female
3309,IE,female
3310,IE,male
3311,ES,female
3312,ES,male
3313,DK,male
3314,DE,male
3315,FR,male
3316,FR,female
3317,CH,female
3318,TR,male
3319,CA,male
3320,ES,male
3321,US,female
3322,IE,male
3323,GB,male
3324,IE,male
3325,GB,male
3326,CA,female
3327,IR,female
3328,IE,male
3329,DE,female
3330,CA,female
3331,NZ,male
3332,CA,male
3333,FR,female
3334,TR,male
3335,NL,female
3336,NL,male
3337,US,male
3338,GB,female
3339,FR,female
3340,IE,male
3341,CA,male
3342,IR,female
3343,DK,male
3344,BR,female
3345,FR,male
3346,CA,male
3347,FI,male
3348,IE,male
3349,DE,female
3350,DK,male
3351,FI,male
3352,AU,male
3353,DK,male
3354,AU,male
3355,TR,male
3356,GB,male
3357,NZ,male
3358,FR,female
3359,IE,female
3360,NZ,female
3361,CA,male
3362,CA,male
3363,GB,female
3364,FR,male
3365,ES,female
3366,IR,male
3367,ES,male
3368,IR,female
3369,NL,female
3370,NL,female
3371,FI,female
3372,IR,male
3373,ES,male
3374,NL,female
3375,DE,female
3376,IR,male
3377,US,male
3378,AU,male
3379,DK,male
3380,NZ,male
3381,US,female
3382,IE,female
3383,CH,male
3384,DE,male
3385,ES,female
3386,FI,female
3387,IE,female
3388,NL,female
3389,DE,male
3390,FI,female
3391,US,female
3392,CH,male
3393,US,female
3394,GB,male
3395,IE,male
3396,AU,male
3397,IE,male
3398,DK,male
3399,TR,male
3400,US,female
3401,DE,male
3402,IE,male
3403,FR,male
3404,ES,female
3405,DE,female
3406,CH,male
3407,CH,female
3408,CA,male
3409,CA,male
3410,NL,male
3411,FR,male
3412,TR,male
3413,DK,female
3414,IR,male
3415,NL,male
3416,AU,female
3417,BR,male
3418,NL,male
3419,CH,female
3420,BR,male
3421,TR,male
3422,NZ,female
3423,NL,male
3424,NZ,male
3425,NZ,male
3426,TR,female
3427,DK,female
3428,IR,female
3429,DK,female
3430,ES,male
3431,BR,male
3432,AU,female
3433,ES,male
3434,GB,male
3435,US,female
3436,CH,male
3437,ES,male
3438,FI,female
3439,GB,female
3440,NL,female
3441,IR,male
3442,AU,male
3443,ES,female
3444,FR,male
3445,DK,female
3446,TR,female
3447,CA,female
3448,FR,male
3449,NL,male
3450,ES,male
3451,CA,male
3452,DE,male
3453,CA,male
3454,CH,female
3455,ES,male
3456,IE,female
3457,AU,female
3458,ES,male
3459,BR,male
3460,US,female
3461,CA,female
3462,AU,female
3463,BR,female
3464,IE,female
3465,IE,male
3466,NL,male
3467,GB,male
3468,DK,female
3469,AU,male
3470,IR,male
3471,ES,female
3472,NL,male
3473,BR,male
3474,US,male
3475,NZ,female
3476,BR,female
3477,CA,female
3478,IR,male
3479,CA,male
3480,DE,male
3481,FR,female
3482,US,male
3483,IE,female
3484,FI,female
3485,FI,female
3486,FR,female
3487,AU,male
3488,CH,male
3489,US,male
3490,AU,female
3491,TR,male
3492,CA,male
3493,US,female
3494,GB,male
3495,TR,male
3496,BR,female
3497,ES,female
3498,CA,male
3499,FI,male
3500,US,male
3501,FI,male
3502,GB,male
3503,NZ,male
3504,NL,male
3505,DK,female
3506,ES,male
3507,TR,female
3508,BR,female
3509,DK,male
3510,GB,female
3511,ES,female
3512,US,male
3513,US,male
3514,FR,male
3515,US,male
3516,GB,female
3517,IR,male
3518,IE,female
3519,GB,female
3520,AU,female
3521,IE,female
3522,FI,female
3523,ES,female
3524,CH,male
3525,FR,male
3526,NL,female
3527,FI,female
3528,DE,male
3529,DK,male
3530,CH,male
3531,DK,female
3532,FI,female
3533,US,female
3534,CH,male
3535,BR,male
3536,IE,male
3537,DK,female
3538,CH,female
3539,FR,female
3540,AU,male
3541,TR,female
3542,FR,female
3543,NZ,female
3544,BR,male
3545,ES,female
3546,DK,male
3547,CA,male
3548,AU,male
3549,NL,male
3550,FI,male
3551,DE,female
3552,FR,male
3553,GB,male
3554,CH,female
3555,CA,female
3556,IR,female
3557,NL,male
3558,US,male
3559,NL,male
3560,TR,female
3561,FR,female
3562,IE,female
3563,DE,male
3564,IR,male
3565,CH,female
3566,NZ,female
3567,IR,female
3568,NZ,female
3569,BR,female
3570,DE,male
3571,IE,female
3572,AU,male
3573,FR,male
3574,DE,male
3575,CA,male
3576,NL,female
3577,NL,female
3578,GB,female
3579,NL,male
3580,DK,female
3581,ES,female
3582,DE,male
3583,AU,female
3584,FI,male
3585,DE,female
3586,FR,male
3587,CA,male
3588,US,male
3589,IE,male
3590,TR,female
3591,CA,male
3592,NL,female
3593,IE,male
3594,CA,female
3595,GB,female
3596,TR,male
3597,IR,male
3598,NZ,male
3599,CA,female
3600,AU,female
3601,FR,female
3602,AU,male
3603,CH,male
3604,CH,female
3605,IR,female
3606,GB,female
3607,TR,male
3608,GB,male
3609,FR,female
3610,CH,female
3611,BR,female
3612,CH,male
3613,AU,male
3614,TR,male
3615,FI,female
3616,IE,female
3617,ES,male
3618,CA,female
3619,ES,male
3620,ES,female
3621,BR,male
3622,TR,male
3623,FR,female
3624,CA,male
3625,CH,female
3626,CH,male
3627,TR,female
3628,AU,male
3629,FR,male
3630,IR,male
3631,US,female
3632,BR,male
3633,DK,female
3634,GB,male
3635,NZ,male
3636,NL,female
3637,DE,male
3638,CH,female
3639,NL,female
3640,DE,male
3641,FI,male
3642,ES,female
3643,AU,male
3644,FR,female
3645,NZ,male
3646,IR,female
3647,AU,male
3648,IR,male
3649,DK,male
3650,GB,male
3651,GB,male
3652,IE,female
3653,DK,female
3654,IR,male
3655,AU,female
3656,US,male
3657,DK,female
3658,IR,male
3659,IE,male
3660,GB,male
3661,TR,female
3662,CA,male
3663,IE,male
3664,DK,female
3665,CH,female
3666,US,male
3667,DK,male
3668,GB,male
3669,GB,male
3670,FI,female
3671,AU,male
3672,FR,female
3673,US,female
3674,CH,male
3675,DE,male
3676,FI,female
3677,ES,female
3678,CH,female
3679,CA,male
3680,FI,male
3681,IE,male
3682,BR,female
3683,IE,male
3684,NL,male
3685,FR,male
3686,IE,male
3687,IE,female
3688,IE,male
3689,AU,male
3690,IE,male
3691,GB,female
3692,US,female
3693,US,male
3694,NZ,male
3695,CA,male
3696,CH,female
3697,GB,female
3698,AU,male
3699,US,female
3700,TR,male
3701,IR,female
3702,CA,female
3703,GB,male
3704,NZ,male
3705,NZ,male
3706,IE,male
3707,DK,male
3708,TR,male
3709,TR,female
3710,IR,male
3711,BR,male
3712,ES,female
3713,DE,male
3714,US,male
3715,NL,male
3716,DK,female
3717,CH,female
3718,IR,male
3719,CA,female
3720,DK,female
3721,CH,male
3722,TR,male
3723,ES,male
3724,NL,male
3725,NL,female
3726,DE,male
3727,NZ,female
3728,US,female
3729,AU,female
3730,DK,male
3731,CA,male
3732,AU,female
3733,TR,male
3734,IE,male
3735,BR,male
3736,FR,male
3737,DE,male
3738,NL,male
3739,FI,female
3740,NZ,female
3741,NL,male
3742,TR,male
3743,IE,female
3744,BR,male
3745,FI,male
3746,DK,female
3747,DK,male
3748,IE,male
3749,AU,male
3750,NL,female
3751,NL,male
3752,NL,female
3753,BR,male
3754,US,female
3755,US,male
3756,DK,female
3757,US,male
3758,GB,male
3759,US,male
3760,DE,male
3761,FR,female
3762,FI,male
3763,TR,male
3764,DK,male
3765,GB,male
3766,BR,male
3767,CH,male
3768,IE,male
3769,CA,male
3770,IE,male
3771,CH,female
3772,ES,female
3773,NL,male
3774,TR,female
3775,DE,male
3776,ES,female
3777,CH,female
3778,DK,female
3779,GB,female
3780,CH,female
3781,US,female
3782,NL,female
3783,CA,female
3784,IR,male
3785,BR,male
3786,GB,female
3787,FI,male
3788,TR,male
3789,CH,female
3790,FR,male
3791,BR,male
3792,CA,male
3793,FR,male
3794,CA,female
3795,NZ,male
3796,US,female
3797,DE,female
3798,IE,male
3799,US,female
3800,CH,male
3801,GB,female
3802,BR,female
3803,TR,female
3804,DE,male
3805,IR,male
3806,DK,male
3807,FI,male
3808,ES,female
3809,BR,female
3810,TR,female
3811,US,female
3812,DE,female
3813,FR,male
3814,CH,female
3815,BR,female
3816,AU,male
3817,DE,male
3818,IR,female
3819,NL,male
3820,TR,male
3821,CH,female
3822,NZ,female
3823,GB,female
3824,CA,female
3825,DE,female
3826,FR,female
3827,TR,male
3828,NZ,female
3829,AU,male
3830,NZ,female
3831,TR,male
3832,GB,male
3833,NL,female
3834,FR,male
3835,FI,female
3836,CH,male
3837,DE,male
3838,NZ,female
3839,BR,male
3840,CA,male
3841,AU,female
3842,NL,male
3843,ES,female
3844,IR,female
3845,NL,female
3846,IE,male
3847,NL,male
3848,IR,female
3849,FR,male
3850,GB,male
3851,DE,female
3852,CH,female
3853,AU,male
3854,FR,female
3855,FI,female
3856,IR,male
3857,BR,male
3858,US,male
3859,BR,male
3860,FR,female
3861,TR,female
3862,FI,male
3863,IE,female
3864,ES,female
3865,NL,male
3866,NZ,female
3867,IR,female
3868,GB,female
3869,DK,female
3870,IR,female
3871,GB,female
3872,ES,male
3873,GB,male
3874,FR,male
3875,US,female
3876,NZ,male
3877,NL,female
3878,BR,female
3879,IE,male
3880,CH,female
3881,FR,male
3882,FI,male
3883,ES,male
3884,ES,female
3885,NL,male
3886,IR,female
3887,CH,male
3888,AU,male
3889,CA,female
3890,CA,female
3891,TR,male
3892,IR,female
3893,CH,male
3894,CH,male
3895,TR,male
3896,NL,male
3897,ES,male
3898,NZ,male
3899,FI,male
3900,NZ,female
3901,FR,female
3902,IR,male
3903,ES,male
3904,DE,male
3905,IE,female
3906,BR,male
3907,FR,female
3908,IE,male
3909,NZ,female
3910,NL,male
3911,FI,female
3912,CA,female
3913,DK,female
3914,IR,male
3915,ES,female
3916,US,male
3917,TR,female
3918,CH,male
3919,NL,male
3920,AU,male
3921,ES,female
3922,DK,male
3923,FR,female
3924,NL,female
3925,CH,male
3926,CA,female
3927,ES,male
3928,IR,female
3929,FI,female
3930,CA,female
3931,FI,female
3932,IR,male
3933,ES,female
3934,AU,male
3935,IR,female
3936,AU,female
3937,NL,female
3938,IR,male
3939,ES,male
3940,IE,male
3941,ES,male
3942,DK,female
3943,BR,female
3944,BR,female
3945,DE,female
3946,NL,female
3947,TR,female
3948,CA,male
3949,IR,female
3950,ES,female
3951,GB,female
3952,US,female
3953,ES,male
3954,DK,female
3955,NZ,male
3956,NZ,female
3957,FR,female
3958,BR,male
3959,NZ,male
3960,US,female
3961,FI,male
3962,FI,male
3963,NL,female
3964,GB,female
3965,FI,female
3966,CA,female
3967,NZ,male
3968,ES,female
3969,FR,female
3970,GB,female
3971,DK,male
3972,BR,female
3973,IE,male
3974,ES,female
3975,FI,male
3976,NZ,female
3977,BR,male
3978,GB,male
3979,GB,female
3980,BR,female
3981,AU,male
3982,CA,female
3983,IR,male
3984,GB,female
3985,CH,male
3986,IR,female
3987,IR,male
3988,NL,female
3989,DE,female
3990,ES,female
3991,US,male
3992,CA,female
3993,AU,female
3994,DK,female
3995,NL,female
3996,NZ,female
3997,AU,male
3998,CA,female
3999,ES,female
4000,BR,female
4001,NL,male
4002,ES,female
4003,NL,male
4004,TR,male
4005,GB,male
4006,IE,male
4007,NL,male
4008,DE,male
4009,FR,male
4010,IE,male
4011,US,female
4012,IE,female
4013,TR,female
4014,IE,female
4015,TR,male
4016,ES,female
4017,TR,female
4018,IE,female
4019,DK,female
4020,CH,female
4021,BR,male
4022,NL,male
4023,CA,male
4024,IE,male
4025,TR,female
4026,CA,female
4027,DE,female
4028,IR,male
4029,ES,male
4030,IE,male
4031,BR,male
4032,ES,female
4033,IE,male
4034,GB,male
4035,FI,female
4036,ES,female
4037,NL,female
4038,US,male
4039,IR,female
4040,FR,male
4041,CH,male
4042,FR,male
4043,DK,female
4044,BR,female
4045,GB,male
4046,IE,male
4047,NZ,female
4048,FI,female
4049,NZ,male
4050,BR,male
4051,IE,female
4052,IE,male
4053,CH,male
4054,GB,female
4055,NZ,male
4056,US,female
4057,IE,female
4058,CA,female
4059,FR,female
4060,DE,male
4061,IE,female
4062,NL,female
4063,FR,male
4064,US,male
4065,AU,male
4066,US,female
4067,FI,female
4068,NL,male
4069,CA,female
4070,CH,female
4071,FI,male
4072,CA,female
4073,ES,male
4074,BR,male
4075,NZ,male
4076,FR,female
4077,AU,female
4078,ES,female
4079,BR,male
4080,US,female
4081,DK,female
4082,IE,male
4083,IE,male
4084,AU,female
4085,NL,male
4086,AU,male
4087,IR,female
4088,FI,male
4089,DK,male
4090,DE,female
4091,GB,female
4092,IE,male
4093,NL,female
4094,CA,female
4095,AU,female
4096,IE,female
4097,US,male
4098,DK,male
4099,TR,female
4100,TR,male
4101,NZ,male
4102,DE,male
4103,GB,male
4104,GB,male
4105,CH,male
4106,FR,female
4107,DK,female
4108,ES,female
4109,BR,male
4110,IR,female
4111,FI,male
4112,FR,male
4113,CA,male
4114,AU,female
4115,TR,male
4116,AU,male
4117,IR,male
4118,TR,male
4119,CH,female
4120,TR,male
4121,GB,male
4122,CA,female
4123,US,male
4124,DE,male
4125,CH,male
4126,FI,female
4127,CA,female
4128,NL,male
4129,CH,female
4130,NL,female
4131,NL,male
4132,US,female
4133,DE,male
4134,FI,male
4135,TR,female
4136,DK,female
4137,GB,male
4138,US,male
4139,NZ,female
4140,AU,female
4141,ES,female
4142,CH,female
4143,ES,male
4144,US,female
4145,IR,male
4146,CA,male
4147,IE,female
4148,GB,male
4149,US,female
4150,DE,male
4151,BR,male
4152,NZ,male
4153,CA,male
4154,CH,male
4155,AU,male
4156,NL,female
4157,DE,male
4158,FI,female
4159,BR,female
4160,FI,female
4161,DE,male
4162,FI,male
4163,FR,female
4164,CH,male
4165,NZ,female
4166,AU,female
4167,AU,male
4168,US,male
4169,IR,female
4170,NZ,female
4171,NL,female
4172,DE,female
4173,IR,female
4174,DE,female
4175,NL,male
4176,IR,female
4177,CA,female
4178,FI,female
4179,CH,female
4180,CA,female
4181,BR,female
4182,BR,male
4183,NZ,male
4184,BR,male
4185,GB,female
4186,FR,female
4187,CH,male
4188,ES,male
4189,DK,female
4190,IR,male
4191,DE,female
4192,US,female
4193,CA,male
4194,NL,male
4195,BR,male
4196,TR,male
4197,IE,female
4198,AU,male
4199,DK,female
4200,FI,female
4201,DK,female
4202,CH,male
4203,ES,male
4204,GB,male
4205,DE,female
4206,GB,male
4207,CA,male
4208,BR,male
4209,US,male
4210,CH,female
4211,TR,male
4212,NL,female
4213,DK,female
4214,FR,male
4215,FI,female
4216,US,female
4217,NZ,female
4218,DE,female
4219,FR,female
4220,DK,male
4221,FR,male
4222,DK,female
4223,DE,male
4224,ES,male
4225,BR,female
4226,CH,male
4227,NL,male
4228,DK,female
4229,CA,male
4230,NZ,female
4231,NL,female
4232,DE,male
4233,DE,male
4234,GB,male
4235,FR,female
4236,CA,female
4237,IR,male
4238,FR,female
4239,BR,female
4240,NZ,male
4241,TR,female
4242,NZ,male
4243,DE,male
4244,CA,female
4245,FI,female
4246,BR,female
4247,IE,male
4248,FR,female
4249,CA,male
4250,BR,male
4251,DK,male
4252,CA,male
4253,TR,female
4254,CA,male
4255,NL,female
4256,BR,male
4257,ES,female
4258,FR,female
4259,DK,male
4260,IE,female
4261,NL,male
4262,US,male
4263,NL,male
4264,TR,male
4265,IR,male
4266,FI,female
4267,IE,female
4268,IE,male
4269,AU,female
4270,FR,female
4271,NL,female
4272,DK,male
4273,ES,female
4274,IR,female
4275,TR,male
4276,FI,male
4277,CH,female
4278,IE,female
4279,FI,female
4280,DE,female
4281,IE,female
4282,NL,male
4283,FR,male
4284,CH,male
4285,ES,female
4286,TR,female
4287,CH,male
4288,DE,male
4289,IE,female
4290,NZ,male
4291,CA,female
4292,NZ,female
4293,CH,female
4294,DE,female
4295,NZ,male
4296,IE,male
4297,NL,female
4298,GB,female
4299,DK,female
4300,AU,male
4301,IR,female
4302,US,female
4303,GB,female
4304,GB,male
4305,NL,male
4306,FR,female
4307,DE,male
4308,IR,female
4309,FI,female
4310,IE,female
4311,US,male
4312,IE,female
4313,IE,female
4314,FI,male
4315,IR,male
4316,AU,female
4317,DE,female
4318,US,male
4319,IE,female
4320,IE,male
4321,AU,male
4322,US,male
4323,ES,male
4324,AU,male
4325,DE,male
4326,IR,female
4327,IR,female
4328,IR,male
4329,BR,female
4330,CH,male
4331,TR,male
4332,IR,female
4333,BR,female
4334,FR,female
4335,BR,female
4336,FI,female
4337,NZ,male
4338,IE,female
4339,FR,female
4340,TR,male
4341,TR,male
4342,IR,female
4343,IR,male
4344,FI,male
4345,CH,male
4346,AU,male
4347,NZ,male
4348,CH,male
4349,US,female
4350,DK,male
4351,BR,male
4352,US,female
4353,FI,male
4354,CH,male
4355,ES,male
4356,IR,male
4357,CH,female
4358,FI,female
4359,BR,male
4360,NL,male
4361,FI,female
4362,FR,female
4363,TR,male
4364,ES,female
4365,IR,female
4366,ES,male
4367,FI,female
4368,DK,female
4369,AU,female
4370,TR,female
4371,IE,male
4372,FR,male
4373,CH,male
4374,AU,female
4375,IE,male
4376,TR,female
4377,CA,female
4378,NZ,male
4379,DK,female
4380,ES,female
4381,CA,male
4382,TR,male
4383,US,male
4384,IR,male
4385,BR,male
4386,CH,female
4387,ES,male
4388,ES,female
4389,FR,female
4390,IE,female
4391,FI,female
4392,GB,female
4393,DE,female
4394,AU,male
4395,DE,female
4396,IE,female
4397,TR,male
4398,IE,female
4399,US,male
4400,GB,female
4401,US,male
4402,BR,female
4403,IE,male
4404,CA,female
4405,CH,male
4406,NL,male
4407,FR,male
4408,IR,male
4409,IE,male
4410,FR,female
4411,US,female
4412,BR,male
4413,US,female
4414,FI,female
4415,US,male
4416,ES,female
4417,DE,male
4418,GB,male
4419,NZ,male
4420,NL,male
4421,US,male
4422,NL,female
4423,NZ,female
4424,DK,male
4425,TR,male
4426,ES,male
4427,FR,female
4428,FI,male
4429,BR,female
4430,BR,female
4431,BR,female
4432,TR,male
4433,AU,female
4434,NZ,male
4435,CH,female
4436,FI,male
4437,IR,male
4438,IE,female
4439,TR,male
4440,CA,female
4441,AU,female
4442,FR,female
4443,FR,female
4444,BR,female
4445,DK,male
4446,IE,male
4447,CH,male
4448,IR,male
4449,DK,female
4450,IE,female
4451,CA,male
4452,AU,male
4453,CA,male
4454,ES,male
4455,NL,male
4456,CH,male
4457,BR,male
4458,NL,female
4459,CH,female
4460,CA,male
4461,FR,female
4462,TR,female
4463,BR,male
4464,ES,female
4465,BR,male
4466,CA,male
4467,BR,male
4468,DE,female
4469,GB,male
4470,ES,male
4471,NZ,female
4472,DK,male
4473,NL,female
4474,DE,male
4475,TR,male
4476,BR,male
4477,DE,female
4478,IR,male
4479,IR,male
4480,TR,female
4481,NZ,male
4482,ES,male
4483,CH,female
4484,IE,male
4485,IE,male
4486,TR,male
4487,ES,male
4488,GB,male
4489,TR,female
4490,AU,female
4491,NZ,male
4492,IR,female
4493,FR,male
4494,CA,male
4495,TR,male
4496,IR,male
4497,IR,male
4498,GB,female
4499,TR,female
4500,ES,male
4501,ES,male
4502,IE,male
4503,DK,female
4504,CA,female
4505,FI,male
4506,IR,male
4507,BR,male
4508,CH,female
4509,NZ,female
4510,NL,male
4511,BR,male
4512,NL,female
4513,GB,male
4514,FI,female
4515,BR,female
4516,TR,male
4517,CH,female
4518,ES,male
4519,AU,male
4520,IE,male
4521,CA,female
4522,IE,male
4523,FI,female
4524,GB,female
4525,FR,male
4526,CH,male
4527,BR,male
4528,FR,female
4529,US,male
4530,FR,male
4531,ES,female
4532,US,male
4533,DE,male
4534,AU,female
4535,IR,male
4536,NZ,female
4537,NZ,male
4538,BR,female
4539,NL,male
4540,CA,male
4541,NL,female
4542,NL,male
4543,CA,female
4544,IR,female
4545,FR,male
4546,FI,female
4547,CA,female
4548,IE,male
4549,DE,male
4550,CH,female
4551,CA,female
4552,IE,female
4553,BR,female
4554,US,male
4555,DE,female
4556,US,male
4557,DK,male
4558,AU,male
4559,IR,male
4560,GB,male
4561,DE,male
4562,CH,female
4563,FR,male
4564,DE,male
4565,CH,female
4566,AU,female
4567,CH,male
4568,CA,female
4569,NL,male
4570,IR,male
4571,NZ,male
4572,FR,male
4573,FR,male
4574,DE,male
4575,IE,male
4576,DK,female
4577,US,female
4578,FR,female
4579,ES,male
4580,NZ,male
4581,NL,female
4582,CH,female
4583,FR,female
4584,BR,female
4585,ES,male
4586,TR,female
4587,NL,male
4588,AU,female
4589,NL,female
4590,BR,male
4591,CH,male
4592,IE,female
4593,US,female
4594,TR,male
4595,AU,male
4596,GB,male
4597,GB,male
4598,CH,male
4599,DK,male
4600,DE,female
4601,DK,female
4602,ES,female
4603,AU,male
4604,IE,male
4605,IR,female
4606,US,female
4607,FI,male
4608,DK,female
4609,TR,female
4610,IR,male
4611,AU,male
4612,FI,male
4613,DK,male
4614,DK,female
4615,BR,female
4616,GB,female
4617,DK,female
4618,IE,female
4619,CA,male
4620,GB,male
4621,CH,male
4622,CA,female
4623,IR,female
4624,DK,male
4625,US,female
4626,CA,male
4627,CA,male
4628,IR,male
4629,FI,male
4630,FR,female
4631,US,male
4632,DK,female
4633,TR,female
4634,DK,female
4635,FI,female
4636,NZ,male
4637,AU,male
4638,TR,female
4639,DE,male
4640,NZ,female
4641,NZ,male
4642,DK,female
4643,IE,male
4644,CH,male
4645,TR,male
4646,NZ,male
4647,BR,female
4648,IR,male
4649,ES,female
4650,NZ,female
4651,CH,male
4652,TR,male
4653,NL,male
4654,IR,male
4655,NZ,male
4656,FI,female
4657,TR,male
4658,GB,female
4659,CH,female
4660,CA,female
4661,US,male
4662,CH,female
4663,CH,female
4664,ES,male
4665,FR,female
4666,TR,male
4667,CH,male
4668,BR,female
4669,NZ,female
4670,FR,male
4671,CA,female
4672,BR,female
4673,TR,male
4674,IR,male
4675,ES,female
4676,IE,female
4677,DE,male
4678,TR,female
4679,GB,male
4680,BR,female
4681,AU,male
4682,AU,male
4683,IE,female
4684,CH,female
4685,NL,male
4686,FR,male
4687,IE,male
4688,FR,male
4689,DK,female
4690,US,male
4691,DE,female
4692,CH,male
4693,DE,male
4694,US,female
4695,BR,female
4696,IE,male
4697,FR,male
4698,TR,female
4699,NL,female
4700,BR,male
4701,NZ,female
4702,GB,female
4703,CH,female
4704,NZ,male
4705,IE,male
4706,TR,female
4707,NL,male
4708,FR,male
4709,US,male
4710,CH,male
4711,CH,female
4712,ES,male
4713,TR,female
4714,IR,male
4715,CA,female
4716,GB,male
4717,NZ,female
4718,NL,male
4719,CH,male
4720,FR,male
4721,BR,female
4722,NZ,male
4723,FI,male
4724,NZ,male
4725,BR,female
4726,TR,male
4727,BR,male
4728,IE,female
4729,DK,female
4730,TR,male
4731,BR,male
4732,GB,male
4733,US,female
4734,FR,female
4735,US,female
4736,FI,male
4737,DK,male
4738,DK,male
4739,FI,female
4740,TR,male
4741,ES,female
4742,US,female
4743,IE,female
4744,US,female
4745,IR,male
4746,ES,female
4747,BR,male
4748,ES,female
4749,FI,female
4750,ES,female
4751,NZ,female
4752,BR,male
4753,ES,female
4754,FR,male
4755,BR,male
4756,ES,female
4757,GB,female
4758,IR,male
4759,CH,male
4760,US,female
4761,BR,male
4762,GB,male
4763,IE,female
4764,BR,female
4765,DK,male
4766,BR,female
4767,US,female
4768,FI,male
4769,DE,male
4770,DE,female
4771,TR,male
4772,FI,female
4773,DE,male
4774,US,male
4775,FI,male
4776,NZ,female
4777,DE,male
4778,DE,male
4779,ES,male
4780,US,female
4781,CH,female
4782,CH,female
4783,DE,female
4784,IR,female
4785,ES,female
4786,NL,female
4787,BR,female
4788,FI,female
4789,CH,male
4790,CH,female
4791,DK,female
4792,GB,female
4793,CH,male
4794,GB,male
4795,CA,male
4796,CA,female
4797,FI,female
4798,IR,female
4799,ES,male
4800,BR,female
4801,NL,female
4802,DK,male
4803,AU,male
4804,CH,female
4805,US,male
4806,NL,female
4807,US,male
4808,IR,male
4809,BR,female
4810,CA,male
4811,NL,female
4812,IR,female
4813,DE,female
4814,DE,female
4815,NL,male
4816,NL,male
4817,AU,male
4818,DK,female
4819,BR,female
4820,FI,male
4821,DE,male
4822,CH,male
4823,CA,male
4824,DK,male
4825,AU,male
4826,TR,female
4827,NL,female
4828,BR,female
4829,FI,male
4830,FI,male
4831,FI,female
4832,NZ,male
4833,FR,female
4834,AU,female
4835,TR,male
4836,IE,male
4837,DK,male
4838,NL,male
4839,ES,female
4840,TR,female
4841,ES,male
4842,FI,male
4843,NL,male
4844,DE,male
4845,US,female
4846,FI,female
4847,US,male
4848,AU,female
4849,IR,female
4850,NL,female
4851,TR,male
4852,DE,male
4853,AU,female
4854,BR,female
4855,IE,female
4856,ES,male
4857,IE,male
4858,FI,female
4859,IE,female
4860,ES,female
4861,DE,female
4862,FR,female
4863,BR,female
4864,FR,male
4865,NL,female
4866,CH,male
4867,NZ,male
4868,AU,male
4869,GB,male
4870,ES,male
4871,DK,female
4872,US,female
4873,DE,female
4874,IR,male
4875,US,male
4876,US,male
4877,DK,female
4878,FI,male
4879,DK,male
4880,US,male
4881,IR,male
4882,NZ,male
4883,DK,male
4884,IE,male
4885,DK,male
4886,GB,male
4887,FR,female
4888,US,male
4889,NL,female
4890,CA,female
4891,TR,female
4892,US,female
4893,US,male
4894,CA,female
4895,NZ,female
4896,AU,male
4897,AU,female
4898,FR,female
4899,AU,male
4900,GB,male
4901,CH,male
4902,CH,female
4903,ES,male
4904,FR,male
4905,AU,male
4906,DE,female
4907,NL,female
4908,CH,female
4909,BR,male
4910,AU,male
4911,NZ,female
4912,DE,female
4913,IE,female
4914,CH,male
4915,FR,male
4916,NL,female
4917,DK,male
4918,US,male
4919,CH,male
4920,CA,male
4921,BR,female
4922,IE,male
4923,ES,female
4924,GB,male
4925,NZ,male
4926,BR,female
4927,AU,male
4928,BR,male
4929,US,male
4930,US,female
4931,NL,male
4932,FI,female
4933,TR,female
4934,DE,male
4935,NL,female
4936,IE,female
4937,CA,male
4938,US,female
4939,GB,female
4940,NL,female
4941,FI,male
4942,NZ,male
4943,US,male
4944,CH,female
4945,BR,male
4946,BR,female
4947,CH,female
4948,TR,female
4949,NL,male
4950,GB,female
4951,IR,male
4952,IR,female
4953,FR,male
4954,CA,male
4955,AU,female
4956,FR,female
4957,DK,female
4958,FI,male
4959,DE,female
4960,FI,male
4961,FI,female
4962,DE,male
4963,AU,male
4964,IE,female
4965,CH,female
4966,CA,female
4967,DK,female
4968,NL,female
4969,IR,female
4970,IR,female
4971,CA,male
4972,CH,male
4973,FR,male
4974,FI,male
4975,CA,female
4976,FR,female
4977,TR,male
4978,FR,female
4979,FI,female
4980,DE,male
4981,CA,male
4982,GB,female
4983,IR,male
4984,NL,female
4985,US,female
4986,TR,male
4987,CH,male
4988,NL,female
4989,CH,female
4990,US,female
4991,FR,male
4992,AU,male
4993,GB,female
4994,ES,male
4995,TR,female
4996,FR,male
4997,AU,female
4998,FR,female
4999,AU,male
